id_tiker, name
BACHF, Bank of China
Not Found, Middlesex Federal Savings F.A.
Not Found, Citizens State Bank and Trust Company
Not Found, Armstrong County Building and Loan Association
Not Found, Bank of Yates City
Not Found, Farmers State Bank of Hoffman
Not Found, St. Johns Bank and Trust Company
Not Found, Moultrie Bank & Trust
Not Found, Security Bank and Trust Co.
Not Found, Evolve Bank & Trust
Not Found, Cornerstone Community Bank
Not Found, Gulfside Bank
Not Found, Dollar Bank Federal Savings Bank
Not Found, Unity National Bank of Houston
Not Found, Northwest Bank & Trust Company
Not Found, Security State Bank of Wanamingo
Not Found, First New Mexico Bank Las Cruces
Not Found, Branson Bank
Not Found, HomeTown  Bank
A2R9GA.DU, Commercial Bank
Not Found, Crossroads Bank
Not Found, Coffee County Bank
Not Found, First Bank of Boaz
WBZB, Washington Business Bank
Not Found, The Lowell Five Cent Savings Bank
Not Found, Central Federal Savings and Loan Association
Not Found, Oxford University Bank
A3K8X6.DU, Friend Bank
Not Found, Prescott State Bank
Not Found, Peoples Bank and Trust Company
Not Found, PriorityOne Bank
Not Found, Dedham Institution for Savings
Not Found, Huron State Bank
Not Found, Bessemer Trust Company National Association
Not Found, PlainsCapital Bank
Not Found, The Harbor Bank of Maryland
Not Found, Principal Bank
Not Found, Heartland Bank and Trust Company
Not Found, The First Bank of Celeste
Not Found, The Citizens National Bank of Lebanon
Not Found, The Colorado Bank and Trust Company of La Junta
Not Found, Bank of Montana
Not Found, The Piedmont Bank
Not Found, Woodsville Guaranty Savings Bank
Not Found, Bank of the Lowcountry
Not Found, Gulf Coast Bank
BHH2.MU, LINKBANK
Not Found, First Capital Bank
Not Found, The Lincoln National Bank of Hodgenville
Not Found, Interstate Federal Savings and Loan Association of McGregor
Not Found, Peoples State Bank
Not Found, Lake Elmo Bank
PBNK, Pinnacle Bank
Not Found, EverTrust Bank
Not Found, Plains State Bank
Not Found, Tompkins State Bank
Not Found, Goldwater Bank N.A.
Not Found, MCNB Bank and Trust Co.
Not Found, Texas Regional Bank
Not Found, UBS Bank USA
Not Found, Hoosier Heartland State Bank
Not Found, West Texas National Bank
Not Found, Union Bank & Trust Company
Not Found, Pony Express Bank
Not Found, Farmers State Bank
Not Found, American Nation Bank
Not Found, First Federal Savings Bank of Champaign Urbana
Not Found, Lake Country Community Bank
Not Found, Providence Bank
Not Found, Readlyn Savings Bank
CSB.PM, State Savings Bank
Not Found, Mainstreet Community Bank of Florida
Not Found, Bank of Dixon County
Not Found, OceanFirst Bank National Association
Not Found, The Denison State Bank
Not Found, Boundary Waters Bank
Not Found, The State Bank
Not Found, The State Exchange Bank
Not Found, First Bank of Bancroft
Not Found, PeoplesBank a Codorus Valley Company
Not Found, First State Bank
A161WC.DU, EntreBank
Not Found, Gulf Coast Bank and Trust Company
Not Found, Gateway Commercial Bank
Not Found, First Federal Savings and Loan Association of Van Wert
Not Found, The First National Bank of Arenzville
Not Found, Piermont Bank
Not Found, Coastal Heritage Bank
Not Found, United Republic Bank
Not Found, Homestead Bank
FTXO, First US Bank
Not Found, The Covington Savings and Loan Association
Not Found, Texas Exchange Bank
Not Found, The Bank of Baker
SBNY, Signature Bank
Not Found, Fidelity Personal Trust Company FSB
Not Found, Bank of Walker County
Not Found, Citizens Bank of Cumberland County Inc.
Not Found, Farmers and Merchants Bank
Not Found, Tecumseh Federal Bank
Not Found, First American Bank and Trust Company
Not Found, First Trust Bank of Illinois
Not Found, Philo Exchange Bank
Not Found, The St. Henry Bank
Not Found, Brickyard Bank
Not Found, D. L. Evans Bank
Not Found, Community National Bank
Not Found, Citizens Progressive Bank
Not Found, Bank of America California National Association
Not Found, First State Bank of Olmsted
Not Found, Capitol Bank
Not Found, The First National Bank of Sonora
Not Found, Little Horn State Bank
Not Found, Westamerica Bank
Not Found, First American Trust FSB
Not Found, City National Bank of Florida
Not Found, Bank of Whittier National Association
Not Found, First National Bank of Oklahoma
Not Found, Riverside Bank
Not Found, Grand Bank for Savings FSB
Not Found, Community State Bank
Not Found, Putnam County Bank
Not Found, Cayuga Lake National Bank
Not Found, The Baltic State Bank
Not Found, Farmers Bank of Lohman Missouri
Not Found, The Corner Stone Bank
Not Found, Community Bank of Louisiana
Not Found, City First Bank National Association
FSWA, First Sound Bank
Not Found, First Security Bank of Roundup
73RP.L, EagleBank
Not Found, State Bank of Jeffers
FMBL, F&M Bank
Not Found, First Liberty Bank
Not Found, Cornerstone Bank
Not Found, Bank of Evergreen
Not Found, Premier Community Bank
Not Found, The Valley State Bank
Not Found, Northpointe Bank
Not Found, The Dolores State Bank
Not Found, Eastern Savings Bank FSB
Not Found, Charles Schwab Bank SSB
Not Found, Senath State Bank
Not Found, Farmers and Merchants State Bank of Springfield
Not Found, Peoples State Bank of Velva
Not Found, Clear Lake Bank and Trust Company
Not Found, OPTUS Bank
Not Found, Avidia Bank
Not Found, The First National Bank of Livingston
Not Found, American Bank & Trust Company
Not Found, The Northern Trust Company
Not Found, Interaudi Bank
Not Found, Pee Dee Federal Savings Bank
Not Found, Bank of Cattaraugus
Not Found, The First National Bank of East Texas
Not Found, The Geo. D. Warthen Bank
CCBG, Capital City Bank
ZZYC.MU, Bank 7
Not Found, First Security Bank - West
Not Found, The First National Bank of Lindsay
Not Found, Bank & Trust Company
Not Found, Southern Bank of Tennessee
Not Found, Watertown Savings Bank
Not Found, Bank of the Panhandle
Not Found, Members Trust Company
Not Found, Heartland Bank
Not Found, Cambridge State Bank
Not Found, Belt Valley Bank
MTPOF, Metropolitan Bank
Not Found, Cape Cod Co-operative Bank
Not Found, Citizens Bank & Trust Company
Not Found, Sentry Bank
Not Found, MidCountry Bank
Not Found, Western National Bank
HCB0BJ.HM, BOC Bank
Not Found, The State Bank of Canton Canton Kansas
Not Found, Citizens State Bank of Milford
Not Found, State Street Bank and Trust Company
Not Found, Coastal Bank & Trust
Not Found, The Killbuck Savings Bank Company
Not Found, Mediapolis Savings Bank
Not Found, Salem Five Cents Savings Bank
Not Found, The Bank of Steinauer
BHDB, Bank of Labor
Not Found, Greenfield Banking Company
Not Found, Emprise Bank
Not Found, Hiawatha Bank and Trust Company
A3K4WN.HA, Bank of Marin
Not Found, Center National Bank
Not Found, Auburn Banking Company
Not Found, Metro City Bank
Not Found, Golden Bank National Association
Not Found, The First National Bank of Gilbert
Not Found, First State Bank
Not Found, Franklin Savings Bank
Not Found, First Heritage Bank
Not Found, Longview Community Bank
Not Found, Bank of Cave City
Not Found, First Federal Community Bank of Bucyrus
Not Found, Mercer County State Bank
Not Found, Baker-Boyer National Bank
Not Found, Midstates Bank National Association
Not Found, Osgood Bank
Not Found, Planters Bank & Trust Company
Not Found, Bank of The Rockies
FSDK, Citizens Bank
Not Found, American Investors Bank and Mortgage
Not Found, Community West Bank National Association
Not Found, First State Bank
A1PG2B.DU, Delta Bank
KPCPY, Bank Plus
Not Found, American Plus Bank N.A.
Not Found, Flagship Bank
Not Found, North County Savings Bank
Not Found, State Bank of Lakota
Not Found, INB National Association
Not Found, The Stock Exchange Bank Caldwell Kansas
Not Found, First New Mexico Bank
Not Found, Blue Grass Federal Savings and Loan Association
Not Found, United Community Bank of West Kentucky Inc.
Not Found, United Security Bank
Not Found, The Park National Bank
Not Found, Abbeville First Bank SSB
Not Found, North Side Federal Savings and Loan Association of Chicago
Not Found, Mauch Chunk Trust Company
Not Found, The Commercial and Savings Bank of Millersburg Ohio
Not Found, Franklin Bank
RCBC, River Bank
Not Found, The First National Bank of Williamson
CBU, Community Bank
A2R2NY.DU, State Bank
Not Found, The Eastern Colorado Bank
Not Found, First State Bank in Temple
Not Found, Citizens Bank of Las Cruces
Not Found, Bank of Buffalo
Not Found, Auto Club Trust FSB
Not Found, Bank Of Jackson Hole Trust
Not Found, First United Bank and Trust Company
Not Found, Chino Commercial Bank N.A.
Not Found, First Community Bank of East Tennessee
Not Found, Heartland National Bank
FIDELITY.NL, Fidelity Bank
NWB18L.DU, Northwest Bank
Not Found, Southwest Bank of Weatherford
Not Found, Amboy Bank
Not Found, C3bank National Association
Not Found, Commercial State Bank
Not Found, East Wisconsin Savings Bank
A2839A.BE, HomeBank
CBU, Community Bank
Not Found, AmeriFirst Bank
Not Found, Central Savings f.s.b.
Not Found, Republic Bank of Chicago
Not Found, Century Bank and Trust
Not Found, First American Bank and Trust
Not Found, Tri City National Bank
Not Found, Iowa Falls State Bank
Not Found, Sherwood Community Bank
Not Found, First State Bank of Forrest
Not Found, FreedomBank
Not Found, Uwharrie Bank
PKDC, PrinsBank
Not Found, The Callaway Bank
Not Found, The First National Bank of Mertzon
Not Found, Alliance Bank & Trust Company
Not Found, Farmers and Merchants Bank
Not Found, Citizens National Bank of Cheboygan
Not Found, Seneca Savings
OXBC, Oxford Bank
Not Found, Pineland Bank
Not Found, First Federal Savings and Loan Association of Lorain
CBU, Community Bank
UJJIVANSFB.NS, Valliance Bank
Not Found, KeySavings Bank
SOBS, Solvay Bank
Not Found, Chambers Bank
Not Found, Bank of the Southwest
Not Found, The Peoples Community Bank
Not Found, Riverland Bank
601328.SS, Bank of Utica
Not Found, Southern Illinois Bank
TOWN, TNBANK
Not Found, Young Americans Bank
Not Found, First State Bank
Not Found, First State Bank and Trust Company
Not Found, BankNorth
Not Found, Exchange Bank & Trust
Not Found, Bank of Ontario
A30V2V.MU, The Bank
Not Found, Northwest Community Bank
A3KQT9.MU, Baybank
Not Found, Charles River Bank
Not Found, Kennebec Savings Bank
Not Found, The Bank of Princeton
Not Found, Mississippi River Bank
Not Found, American National Bank
Not Found, Carolina Bank & Trust Co.
CBWBF, InterBank
Not Found, Peoples Bank and Trust Company
Not Found, Security State Bank
A3KV4N.DU, bankcda
Not Found, The Fairfield National Bank
A19XSX.MU, FORTE BANK
FMBL, Farmers Bank
Not Found, Outdoor Bank
Not Found, Portage Community Bank
A19VNA.DU, AuburnBank
Not Found, Citizens State Bank
Not Found, Southern First Bank
Not Found, Spring Valley Bank
Not Found, First Shore Federal Savings and Loan Association
Not Found, Southwestern National Bank
Not Found, The First National Bank of Granbury
Not Found, The Tampa State Bank
Not Found, Prevail Bank
Not Found, Sherburne State Bank
Not Found, The Pitney Bowes Bank Inc.
EXCH, Exchange Bank
Not Found, Farmers and Merchants Bank
Not Found, The National Bank of Coxsackie
Not Found, WNB FINANCIAL N.A.
Not Found, LNB Community Bank
Not Found, First Federal Savings Bank of Twin Falls
Not Found, Commerce Bank
Not Found, Five Points Bank of Hastings
Not Found, M.Y. SAFRA BANK FSB
Not Found, First Commonwealth Bank
Not Found, GBC International Bank
Not Found, United Citizens Bank & Trust Company
Not Found, Relyance Bank
A3KVWT.MU, b1BANK
Not Found, Hingham Institution for Savings
Not Found, Farmers and Merchants State Bank of Bushnell
Not Found, Third Federal Savings and Loan Association of Cleveland
Not Found, Old Second National Bank
Not Found, Citizens State Bank
Not Found, First & Peoples Bank and Trust Company
HLXU.DU, TIAA FSB
Not Found, Community Bank Owatonna
Not Found, Community State Bank
Not Found, Traditions Bank
Not Found, Magnolia Bank Incorporated
FSDK, Citizens Bank
Not Found, Community Bank of Parkersburg
Not Found, Adrian State Bank
Not Found, DeWitt Bank & Trust Co.
Not Found, Lena State Bank
Not Found, The Bank of San Jacinto County Coldspring Texas
Not Found, West Point Bank
Not Found, Bank of Erath
Not Found, Citizens' Bank & Trust Co.
Not Found, Farmers and Merchants Union Bank
NWPP, Peoples Bank
Not Found, The First National Bank and Trust Company
Not Found, Pan American Bank & Trust
Not Found, Tennessee State Bank
Not Found, SNB Bank National Association
Not Found, The Miners State Bank
Not Found, Farmers & Merchants State Bank of New York Mills Incorporated
Not Found, Bank of Ripley
Not Found, First Federal Community Bank National Association
Not Found, BankVista
Not Found, Buena Vista National Bank
Not Found, Piscataqua Savings Bank
Not Found, Mission National Bank
Not Found, Colfax Banking Company
Not Found, Leighton State Bank
Not Found, The Trust Bank
Not Found, The Bank of Versailles
Not Found, First Freedom Bank
Not Found, Kindred State Bank
Not Found, Home Federal Bank
Not Found, Red Rock Bank
Not Found, American Bank National Association
Not Found, The Adirondack Trust Company
Not Found, The Citizens Bank
Not Found, Anderson Brothers Bank
Not Found, River City Bank Inc.
A19XSX.DU, Ireland Bank
Not Found, Sanborn Savings Bank
Not Found, Stafford Savings Bank
Not Found, Midland States Bank
Not Found, Citizens National Bank at Brownwood
Not Found, First National Bank of Decatur County
Not Found, First Enterprise Bank
Not Found, Security State Bank of Warroad
Not Found, Wheeler County State Bank
Not Found, The Peoples Bank
Not Found, Washington Financial Bank
Not Found, Citizens Bank of Eldon
Not Found, Peoples Community Bank SB of Monticello Indiana
Not Found, Corydon State Bank
Not Found, Community Trust Bank Inc.
JFWV, Jefferson Bank
Not Found, Troy Bank & Trust Company
Not Found, Texas Advantage Community Bank National Association
Not Found, Crest Savings Bank
Not Found, State Bank of Cherry
NWPP, Peoples Bank
Not Found, The State Bank of Faribault
UCBI, United Community Bank
Not Found, First Community Bank of Tennessee
Not Found, Amory Federal Savings and Loan Association
Not Found, First United National Bank
Not Found, First State Bank
Not Found, The Buckholts State Bank
Not Found, Commonwealth Co-operative Bank
Not Found, The Malvern National Bank
Not Found, Univest  Bank and Trust Co.
Not Found, Farmers State Bank & Trust Co.
Not Found, American National Bank and Trust Company
Not Found, Hometown National Bank
Not Found, The First National Bank of Moose Lake
Not Found, United Bank of Philadelphia
Not Found, International Bank of Chicago
Not Found, First Security Bank
Not Found, Benton County State Bank
Not Found, Blissfield State Bank
Not Found, The First National Bank in Trinidad
Not Found, Hendricks County Bank and Trust Company
516310.SS, FDS Bank
Not Found, Fulton Bank National Association
Not Found, 1st Source Bank
Not Found, Farmers State Bank
BLB9R7.MU, YNB
Not Found, Nebraska Bank
Not Found, The Northern State Bank of Gonvick
Not Found, The National Bank of Adams County of West Union
Not Found, United Security Bank
Not Found, WCF Financial Bank
Not Found, First Palmetto Bank
HEWB.TO, Horizon Bank
Not Found, Bankers' Bank of the West
Not Found, NBT Bank National Association
73RP.L, Eagle Bank
Not Found, Farmers and Merchants Bank
Not Found, First Bank Blue Earth
Not Found, The National Iron Bank
Not Found, Choice Financial Group
Not Found, Bank of the Mountains Inc.
Not Found, Stockman Bank of Montana
Not Found, Libertyville Bank & Trust Company National Association
Not Found, First State Bank of Porter
Not Found, Nokomis Savings Bank
Not Found, Jonah Bank of Wyoming
Not Found, Coleman County State Bank
Not Found, Great North Bank
Not Found, First Western Bank
Not Found, The Bancorp Bank National Association
NWPP, Peoples Bank
KBWB, CBW Bank
Not Found, Glacier Bank
Not Found, First State Bank of St. Charles Missouri
Not Found, The Commercial Bank
Not Found, Marion State Bank
CBU, County Bank
Not Found, First Montana Bank Inc.
Not Found, Valley Bank of Ronan
Not Found, The Middlefield Banking Company
UBSI, United Bank
Not Found, Helm Bank USA
Not Found, First Secure Community Bank
Not Found, American State Bank
Not Found, Miami Savings Bank
Not Found, Village Bank and Trust National Association
Not Found, Rayne Building and Loan Association
Not Found, KEB Hana Bank USA National Association
Not Found, The Brattleboro Savings and Loan Association
Not Found, The First National Bank of Carmi
Not Found, South Shore Bank
Not Found, First National Bank of Dublin
Not Found, Denver Savings Bank
Not Found, Mabrey Bank
MHB466.MU, UNICO Bank
Not Found, Federated Bank
Not Found, Cross County Savings Bank
Not Found, Security State Bank
Not Found, Highpoint Community Bank
Not Found, Eureka Savings Bank
Not Found, CFG Bank
Not Found, The Citizens Bank of Edmond
Not Found, Welch State Bank of Welch Okla.
Not Found, First Seacoast Bank
KBWB, ESB Bank
Not Found, Century Bank of Georgia
Not Found, Home State Bank
Not Found, Gainey Business Bank
Not Found, Community Bank & Trust Waco Texas
Not Found, West Gate Bank
TRST, TrustCo Bank
Not Found, First Federal Savings and Loan Association
Not Found, State Bank of Nauvoo
Not Found, First National Bank of Michigan
Not Found, First Trust and Savings Bank
Not Found, F & M Bank and Trust Company
Not Found, The State Bank
Not Found, Phenix-Girard Bank
Not Found, Farmers Bank and Trust Company
Not Found, Wolf River Community Bank
Not Found, Guaranty Bank & Trust N.A.
Not Found, Liberty Bank and Trust Company
Not Found, First Federal Bank
NWPP, Peoples Bank
Not Found, The Fairmount State Bank
Not Found, State Bank of Bement
WBZB, GNB Bank
Not Found, New Horizon Bank National Association
Not Found, FlatIrons Bank
Not Found, Cornhusker Bank
FRCLL, FirstBank
Not Found, The Riddell National Bank
Not Found, CapStar Bank
Not Found, The Southern Bank Company
Not Found, Inwood National Bank
Not Found, Martinsville First Savings Bank
Not Found, Armstrong Bank
Not Found, Sound Community Bank
Not Found, Alpine Capital Bank
Not Found, Independence Bank
Not Found, The Moody National Bank
Not Found, Great Midwest Bank S.S.B.
Not Found, Eastbank National Association
Not Found, Oregon Pacific Banking Company dba Oregon Pacific Bank
Not Found, First PREMIER Bank
Not Found, Bank of Kirksville
A2RZG9.MU, Truist Bank
Not Found, TrailWest Bank
Not Found, Mount Vernon Bank and Trust Company
Not Found, Commercial Savings Bank
Not Found, Mutual Savings and Loan Association
Not Found, United Mississippi Bank
Not Found, Planters and Citizens Bank
Not Found, The Security National Bank of Enid
Not Found, The Hicksville Bank
Not Found, Oconee Federal Savings and Loan Association
Not Found, Kingstree Federal Savings and Loan Association
A28ST3.BE, Bank of Commerce
VNTH, Nano Banc
Not Found, Heritage Bank National Association
Not Found, SunSouth Bank
Not Found, Central Bank Illinois
Not Found, The Harvard State Bank
Not Found, Allied First Banksb
Not Found, The Citizens Bank of Cochran
Not Found, Coastal Carolina National Bank
Not Found, The Bank of Brodhead
A2R877.MU, NexBank
Not Found, First National Bank of Clarksdale
Not Found, Cambridge Trust Company
Not Found, The Seymour Bank
Not Found, The Peoples Bank
Not Found, Farmers Bank and Trust Company
Not Found, First Electronic Bank
Not Found, The First National Bank of Beardstown
Not Found, First Federal Bank & Trust
Not Found, Bank of Tennessee
Not Found, Firstrust Savings Bank
Not Found, First Pioneer National Bank
Not Found, Stifel Bank
Not Found, The Guilford Savings Bank
Not Found, Western State Bank
ITBL.MI, WebBank
SPRBF, Bank 1st
Not Found, Marion State Bank
Not Found, First Southern Bank
Not Found, BankTennessee
Not Found, Fayetteville Bank
Not Found, The First National Bank of Bemidji
Not Found, Hancock Whitney Bank
Not Found, Peoples State Bank
Not Found, Farmers Trust and Savings Bank
Not Found, Virginia Partners Bank
Not Found, Slovenian Savings and Loan Association of Franklin-Conemaugh
Not Found, Varo Bank National Association
Not Found, Midwest Bank
TSBA, Touchstone Bank
Not Found, Dubuque Bank and Trust Company
Not Found, First National Bank of Pulaski
Not Found, Old Dominion National Bank
Not Found, The First National Bank of Fletcher
Not Found, First State Bank and Trust
Not Found, The First National Bank in Cooper
Not Found, Bank of Bartlett
Not Found, Apple River State Bank
Not Found, State Bank & Trust Company
Not Found, Wheaton Bank & Trust National Association
A2R9GA.DU, Cecil Bank
Not Found, Bessemer Trust Company
Not Found, Transportation Alliance Bank Inc. d/b/a TAB Bank
Not Found, Miners & Merchants Bank
Not Found, First National Community Bank
Not Found, COMMONWEALTH BUSINESS BANK
Not Found, First State Bank
Not Found, Texas Brand Bank
Not Found, Three Rivers Bank of Montana
Not Found, Marquette Bank
Not Found, Homeland Community Bank
Not Found, The Citizens Bank
007330.KQ, Mutual Savings Bank
Not Found, Sainte Marie State Bank
Not Found, Citizens Bank and Trust
Not Found, Tioga-Franklin Savings Bank
Not Found, First Federal Savings and Loan Association of Valdosta
Not Found, Pacific Premier Bank
Not Found, State Bank of De Kalb
Not Found, Iron Workers Savings Bank
Not Found, Farmers and Merchants Bank
Not Found, Macon Bank and Trust Company
A2GSGU.HM, BTC Bank
Not Found, Chickasaw Community Bank
A3LJMB.MU, Mi Bank
Not Found, Rollstone Bank & Trust
Not Found, California International Bank N.A.
Not Found, The Croghan Colonial Bank
Not Found, The Park Bank
Not Found, Movement Bank
PBKC, Pioneer Bank
Not Found, Security State Bank
Not Found, Ipava State Bank
Not Found, St. Clair State Bank (Incorporated)
VO4D.DU, Legends Bank
Not Found, Blackhawk Bank & Trust
Not Found, Henderson Federal Savings Bank
Not Found, Valley Bank of Kalispell
Not Found, Holladay Bank & Trust
Not Found, The Dickinson County Bank
Not Found, BankProv
A13SWX.HM, Grove Bank
Not Found, Northview Bank
Not Found, The Torrington Savings Bank
Not Found, The First National Bank in Tremont
Not Found, Community Bank and Trust Company
Not Found, Citizens Bank of Chatsworth
Not Found, Wells River Savings Bank
Not Found, Willamette Valley Bank
Not Found, The Twin Valley Bank
Not Found, State Bank of New Richland
Not Found, Merchants & Farmers Bank of Greene County Alabama
Not Found, Benchmark Community Bank
Not Found, Logan Bank & Trust Company
Not Found, Dime Community Bank
CSB.PM, State Savings Bank
Not Found, Heritage Community Bank
Not Found, Nicolet National Bank
Not Found, Park State Bank
Not Found, First National Bank Cortez
RHBBANKC46.KL, KCB Bank
Not Found, First National Bank of Coffee County
Not Found, First State Bank of Sauk Centre
Not Found, Sewickley Savings Bank
Not Found, High Plains Bank
A193M2.MU, Brannen Bank
Not Found, The MINT National Bank
Not Found, Peoples Savings Bank of Rhineland
Not Found, Kaw Valley State Bank
Not Found, Success Bank
PBNK, Pinnacle Bank
Not Found, First General Bank
Not Found, Belgrade State Bank
Not Found, Texas Heritage National Bank
Not Found, First National Bank USA
RL4V.BE, Oriental Bank
Not Found, Bison State Bank
Not Found, Copiah Bank
Not Found, Citizens National Bank
Not Found, Cattlemens Bank
A2R2K9.HM, BankOrion
Not Found, Greenfield Savings Bank
Not Found, Lone Star State  Bank of West Texas
Not Found, Illini State Bank
AMBZ, ACNB Bank
Not Found, Bank of Dickson
Not Found, American Heritage National Bank
HFBK, Harford Bank
Not Found, American Exchange Bank
Not Found, Pikes Peak National Bank
Not Found, Security State Bank
Not Found, Alden State Bank
Not Found, Cross Keys Bank
Not Found, Bankers Trust Company
Not Found, The First National Bank of Blanchester
Not Found, The Farmers Bank
Not Found, The Bank of Houston
Not Found, The Hopeton State Bank
Not Found, Community State Bank
Not Found, Bank of Deerfield
Not Found, The Shelby State Bank
Not Found, First State Bank of Forsyth
Not Found, Adams State Bank
Not Found, Farmers Savings Bank
PFBC, Preferred Bank
Not Found, One Florida Bank
Not Found, New Tripoli Bank
Not Found, Metropolitan Capital Bank & Trust
CSHX, Ally Bank
FMBL, F&M Bank
Not Found, First State Bank and Trust
Not Found, GSL Savings Bank
Not Found, Root River State Bank
Not Found, The Valley State Bank
Not Found, Community Resource Bank
Not Found, Fairview Savings and Loan Association
Not Found, Iowa State Bank
Not Found, AllNations Bank
Not Found, New Republic Bank
Not Found, First & Farmers National Bank Inc.
Not Found, Elgin State Bank
Not Found, Bruning Bank
Not Found, Flushing Bank
Not Found, Community First Bank Inc.
Not Found, South Ottumwa Savings Bank
Not Found, The Litchfield National Bank
Not Found, SoFi Bank National Association
Not Found, Pickens Savings and Loan Association FA
Not Found, Exchange State Bank
Not Found, Millville Savings Bank
Not Found, Johnson County Bank
Not Found, Peoples Exchange Bank
Not Found, Great Plains National Bank
Not Found, First Federal Bank of Ohio
Not Found, First National Bank & Trust Co.
Not Found, Family Bank
Not Found, Crown Bank
Not Found, The Yoakum National Bank
Not Found, Midwest Heritage Bank FSB
Not Found, SpiritBank
Not Found, LendingClub Bank National Association
Not Found, Farmers and Merchants Bank
Not Found, Industry State Bank
Not Found, CNB Bank and Trust N.A.
Not Found, The Solomon State Bank
Not Found, First State Community Bank
Not Found, Farmers and Merchants Trust Company of Chambersburg
Not Found, Community State Bank of Canton
IBCP, Independent Bank
Not Found, BLC Community Bank
Not Found, Bank Irvine
Not Found, Bank of Bearden
Not Found, Valley State Bank
Not Found, Bank of Camilla
Not Found, 1st Colonial Community Bank
Not Found, The First National Bank of Harveyville
Not Found, Cornerstone State Bank
Not Found, Guardian Savings Bank
A1ZSQP.DU, Charter Bank
Not Found, First State Bank of DeKalb County
Not Found, First Bank and Trust of Memphis
A161ZL.HM, Bankwell Bank
Not Found, The Camden National Bank
Not Found, American Eagle Bank
Not Found, State Bank & Trust Co.
DBIN, Dacotah Bank
CBU, Community Bank
OZK, Bank OZK
Not Found, Abbeville Building & Loan (A State-Chartered Savings Bank)
Not Found, Sunrise Bank
A3KP8Y.MU, Bank of Luxemburg
Not Found, Midwest Bank
Not Found, The Conway National Bank
Not Found, Bank of Brewton
Not Found, Spencer Savings Bank SLA
Not Found, US Metro Bank
Not Found, Pearland State Bank
Not Found, Zavala County Bank
Not Found, Citizens National Bank of Texas
Not Found, The Farmers State Bank of Bucklin Kansas
Not Found, Flint Hills Bank
Not Found, Lake Shore Savings Bank
Not Found, Springfield State Bank
Not Found, Maynard Savings Bank
Not Found, Sibley State Bank
Not Found, First State Bank of Bedias
Not Found, Templeton Savings Bank
Not Found, The First National Bank of Tom Bean
Not Found, Latimer State Bank
Not Found, Farmers and Merchants State Bank
Not Found, Mount Vernon Bank
Not Found, Wilmington Savings Fund Society FSB
FRCCL, FirstBank
Not Found, Commercial Bank & Trust Co.
FSDK, Citizens Bank
Not Found, Heritage Bank of St Tammany
Not Found, BayVanguard Bank
Not Found, Huntingdon Savings Bank
Not Found, Farmers and Merchants State Bank of Appleton
Not Found, Bank of Oak Ridge
Not Found, First Guaranty Bank
Not Found, Newfield National Bank
Not Found, Plains Commerce Bank
Not Found, Premier Bank
Not Found, O'Bannon Banking Company
Not Found, Institution for Savings in Newburyport and Its Vicinity
Not Found, The Farmers Bank Frankfort Indiana
Not Found, Bank of Hays
Not Found, The First State Bank
Not Found, First State Bank
Not Found, Partners Bank of New England
Not Found, Champion Bank
FMBL, Farmers & Merchants Bank
Not Found, Frontier Bank
Not Found, Liberty Capital Bank
Not Found, The Village Bank
Not Found, The Farmers State Bank
AMBKP, American Bank
A1X3JK.HM, Genesis Bank
Not Found, The First National Bank of Oneida
Not Found, The First National Bank of Stanton
Not Found, First Farmers & Merchants State Bank of Grand Meadow
Not Found, Farmers State Bank
Not Found, Grand Rivers Community Bank
Not Found, Black River Country Bank
Not Found, Farmers National Bank
Not Found, Worthington Federal Savings Bank FSB
Not Found, Stride Bank National Association
Not Found, First United Bank and Trust Company
Not Found, Citizens State Bank of Loyal
UCBI, Countybank
Not Found, The Berkshire Bank
Not Found, The Bank of Greene County
Not Found, Peoples State Bank
Not Found, Cullman Savings Bank
Not Found, CapTex Bank
Not Found, Fidelity Bank of Texas
Not Found, The Exchange Bank of Alabama
Not Found, Peach State Bank & Trust
Not Found, JONES BANK
Not Found, Mission Valley Bank
Not Found, Nashville Savings Bank
Not Found, Mid-America Bank
Not Found, Independence Bank
Not Found, Table Grove State Bank
Not Found, Regions Bank
Not Found, Transpecos Banks SSB
Not Found, The First State Bank
Not Found, First State Bank
Not Found, First-Citizens Bank & Trust Company
Not Found, First National Bank of Alvin
Not Found, Bank of Lincoln County
Not Found, Raccoon Valley Bank
Not Found, America's Community Bank
Not Found, The Stephenson National Bank and Trust
Not Found, Habib American Bank
Not Found, Stock Growers Bank
Not Found, The City State Bank
Not Found, RiverHills Bank
Not Found, First State Bank of DeQueen
Not Found, Superior National Bank
Not Found, Legacy Bank
Not Found, Morgantown Bank & Trust Company Incorporated
Not Found, Bank of Commerce & Trust Co.
Not Found, Central National Bank
Not Found, Northern State Bank
Not Found, SimplyBank.
A2R9GA.DU, Commercial Bank
Not Found, KansasLand Bank
Not Found, Opportunity Bank of Montana
Not Found, Systematic Savings Bank
Not Found, Farmers State Bank
Not Found, Spring Hill State Bank
Not Found, Owen County State Bank
Not Found, Apex Banking Company of Georgia
Not Found, Bank of Denton
Not Found, Southwest National Bank
Not Found, Mid-Central National Bank
Not Found, Pioneer State Bank
Not Found, Woodford State Bank
Not Found, Natbank National Association
Not Found, First Commerce Bank
Not Found, Community Bank of Cameron
A192ZZ.DU, FinWise Bank
Not Found, First Federal Savings and Loan Association of Greene Co
Not Found, Blue Ridge Bank  National Association
Not Found, The Farmers and Merchants Bank
FRCKL, FirstBank
Not Found, First Missouri Bank of SEMO
Not Found, Golden Belt Bank FSA
Not Found, First National Bank of Fort Stockton
Not Found, Wilson & Muir Bank & Trust Company
Not Found, The First National Bank of Gordon
Not Found, The James Polk Stone Community Bank
Not Found, First State Bank
Not Found, M C Bank & Trust Company
Not Found, Pocahontas State Bank
Not Found, Bristol Morgan Bank
Not Found, The State National Bank of Big Spring
Not Found, Wintrust Bank National Association
Not Found, BAC Community Bank
Not Found, BMO Harris Bank National Association
Not Found, Kentland Federal Savings and Loan Association
Not Found, First State Bank
Not Found, The First National Bank of Johnson
Not Found, Old National Bank
Not Found, Foresight Bank
Not Found, First Bank of Ohio
Not Found, The Watkins Savings Bank
Not Found, First National Bank of South Padre Island
Not Found, First State Bank of Blakely
Not Found, Farmers State Bank of Emden
Not Found, Argentine Federal Savings
Not Found, Colchester State Bank
Not Found, The Piqua State Bank
Not Found, Liberty National Bank
Not Found, The First National Bank of Monterey
Not Found, North Georgia National Bank
A254RY.BE, Bandera Bank
Not Found, Beneficial State Bank
Not Found, The Peoples Bank
Not Found, Huron Community Bank
Not Found, Generations Bank
Not Found, State Bank Financial
Not Found, Capital Bank National Association
Not Found, Citizens State Bank
Not Found, Iowa State Bank
A19ZG9.DU, Bank of Commerce
Not Found, Bank of Brenham National Association
Not Found, Bank of Clarkson
Not Found, Stearns Bank National Association
Not Found, First Farmers & Merchants National Bank
Not Found, The Union State Bank of Everest
Not Found, Washington State Bank
Not Found, Embassy National Bank
Not Found, The Pleasants County Bank
Not Found, Meridian Bank
Not Found, Esquire Bank National Association
Not Found, Peoples Bank of Moniteau County
Not Found, Ozarks Federal Savings and Loan Association
Not Found, Guardian Savings Bank
Not Found, Peoples State Bank
Not Found, CCB Community Bank
Not Found, The Monticello Banking Company
Not Found, Table Rock Community Bank
Not Found, Bank First N.A.
Not Found, First National Community Bank
Not Found, Midland Community Bank
TBBC, Triad Business Bank
Not Found, Cypress Bank & Trust
A3K8X6.DU, Frazer Bank
Not Found, Frost  Bank
Not Found, First Security Bank
Not Found, IncredibleBank
Not Found, The International Bank of Amherst
Not Found, Country Club Bank
Not Found, Centennial Bank
Not Found, First Farmers & Merchants State Bank
Not Found, Independence Bank
Not Found, Charles Schwab Premier Bank SSB
Not Found, Andover State Bank
BOH, Bank of Hawaii
Not Found, Powell State Bank
Not Found, McIntosh County Bank
Not Found, First Interstate Bank
Not Found, First National Bank of Giddings
Not Found, The First National Bank of Orwell
Not Found, The Bank of Kremlin
Not Found, The Murray Bank
Not Found, Citizens National Bank of Crosbyton
Not Found, First Midwest Bank of the Ozarks
Not Found, Sage Capital Bank
Not Found, Marion Community Bank
Not Found, Lakeside Bank
Not Found, United Midwest Savings Bank National Association
Not Found, State Bank of the Lakes National Association
Not Found, The Exchange State Bank
Not Found, Eagle Bank and Trust Company
Not Found, Anchor State Bank
Not Found, First Columbia Bank & Trust Co.
Not Found, Prairie Bank of Kansas
Not Found, The First National Bank of Sparta
A3KTDT.DU, Seattle Bank
Not Found, First Colony Bank of Florida
Not Found, The Victory Bank
PSBKF, Savings Bank
Not Found, Bonduel State Bank
Not Found, AMERIPRISE BANK FSB
Not Found, The First National Bank of Anson
Not Found, State Bank of Cold Spring
Not Found, First State Bank of Swanville
Not Found, First Tri County Bank
Not Found, Westside State Bank
Not Found, Golden Valley Bank
Not Found, Founders Bank
195236.BE, Central Bank
Not Found, Community Partners Savings Bank
Not Found, Clay County Bank Inc.
Not Found, Studio Bank
A2AAN1.BE, Industrial Bank
Not Found, Brookline  Bank
FSDK, Citizens Bank
Not Found, First Federal Bank of Wisconsin
MSBC, Mission Bank
Not Found, Lake Forest Bank & Trust Company National Association
Not Found, The National Grand Bank of Marblehead
Not Found, The Bank of Charlotte County
Not Found, People's Bank and Trust Company of Pickett County
Not Found, Kentucky Farmers Bank Corporation
Not Found, The Bank National Association
Not Found, First Financial Bank National Association
Not Found, Generations Bank
Not Found, American Bank of Missouri
Not Found, Sunstate Bank
Not Found, Commerce Bank Texas
Not Found, Farmers State Bank
Not Found, Bank of Mauston
Not Found, Decatur County Bank
Not Found, Freeland State Bank
Not Found, First Hope Bank A National Banking Association
Not Found, Worthington Bank
Not Found, Community State Bank of Orbisonia
Not Found, First Pryority Bank
INFINITY.NL, Infinity Bank
Not Found, The First State Bank
Not Found, Lincoln FSB of Nebraska
A2GS4F.BE, Starion Bank
Not Found, BankWest Inc.
WFLG.BE, Ascent Bank
Not Found, First Kansas Bank
Not Found, Abacus Federal Savings Bank
Not Found, Commerce Bank & Trust
Not Found, Decorah Bank & Trust Company
Not Found, The First National Bank of Winnsboro
Not Found, FNB Washington
Not Found, Warren Bank and Trust Company
Not Found, Pathway Bank
Not Found, Nebraska State Bank
Not Found, First Federal Savings Bank of Lincolnton
Not Found, Community First Bank
Not Found, NewFirst National Bank
Not Found, North Cambridge Co-operative Bank
Not Found, The Union Bank of Mena
Not Found, Comenity Bank
VO4D.MU, Legends Bank
Not Found, Schertz Bank & Trust
Not Found, State Nebraska Bank & Trust
Not Found, Commerce Bank
Not Found, Reliance Bank
Not Found, Oostburg State Bank
A1941E.BE, Union Bank
Not Found, Millbury National Bank
Not Found, Kennett Trust Bank
Not Found, Elysian Bank
CBU, Community Bank
A3KSKR.DU, COREBANK
Not Found, Rockland Trust Company
Not Found, Northern Interstate Bank N. A.
Not Found, First Financial Bank
Not Found, Pine Country Bank
Not Found, Bankers' Bank of Kansas
57MM.L, Paragon Bank
Not Found, The Citizens Bank of Philadelphia Mississippi
Not Found, Citibank National Association
Not Found, Lake Region Bank
Not Found, Vermillion State Bank
Not Found, Strasburg State Bank
Not Found, Financial Federal Bank
MAYBANKC1E.KL, AbbyBank
Not Found, Farmers Bank & Trust
Not Found, WSB Municipal Bank
Not Found, First Missouri State Bank of Cape County
A3LAZN.BE, Star Bank
Not Found, First State Bank
Not Found, The First National Bank of Brooksville
Not Found, Territorial Savings Bank
Not Found, Waterman Bank
Not Found, Bank of Holyrood
73RP.L, Eagle Bank
A1941E.BE, Union Bank
Not Found, Sandhills State Bank
FMBL, farmbank
Not Found, Agility Bank National Association
Not Found, Merchants Bank National Association
Not Found, Frandsen Bank & Trust
Not Found, State Bank of Downs
Not Found, MainStreet Bank
Not Found, Community Spirit Bank
Not Found, The Brookville Building and Savings Association
Not Found, American State Bank
Not Found, Valley Bank of Nevada
Not Found, Capital Community Bank
Not Found, Citizens Independent Bank
Not Found, Citizens State Bank
AMBKP, American Bank
Not Found, Port Richmond Savings
Not Found, Halstead Bank
Not Found, Farmers State Bank
Not Found, United Roosevelt Savings Bank
FBAK, First National Bank
FMBL, S&T Bank
60YW.L, NVE Bank
Not Found, Farmers State Bank
Not Found, Midwest Regional Bank
Not Found, BayFirst National Bank
Not Found, Integrity Bank Plus
Not Found, The First National Bank of Coleraine
Not Found, Citizens State Bank of Waverly Inc.
Not Found, Farmers Bank and Trust Company
Not Found, Campbell County Bank Inc.
Not Found, The Peshtigo National Bank
LUMB, Mega Bank
CBU, Unity Bank
SEB0CJ.DU, Availa Bank
Not Found, Fairview State Banking Company
Not Found, Nevada Bank and Trust Company
STGBS, Stellar Bank
Not Found, Bank of Perry County
A2R9GA.DU, Commercial Bank
Not Found, Big Horn Federal Savings Bank
TCNB, CenterBank
Not Found, The Farmers and Merchants Bank
Not Found, The Wanda State Bank
Not Found, Headwaters State Bank
Not Found, Deutsche Bank Trust Company Delaware
Not Found, The First National Bank of Henning
Not Found, The Peoples Bank
Not Found, The Metamora State Bank
Not Found, First National Bank of Pana
Not Found, F&M Bank and Trust Company
Not Found, Pathward National Association
COGQF, Local Bank
Not Found, Ipswich State Bank
Not Found, Dayspring Bank
Not Found, Tioga State Bank National Association
SSBI, Summit State Bank
Not Found, Community Federal Savings Bank
Not Found, Security First Bank of North Dakota
Not Found, Points West Community Bank
HEWB.TO, Horizon Bank
Not Found, Legacy Bank
RHBBANKC48.KL, FNCB Bank
Not Found, Savings Bank of Mendocino County
A2RRTJ.MU, Discover Bank
Not Found, The Bank of Bourbonnais
Not Found, Collinsville Building and Loan Association
Not Found, Scottsdale Community Bank
Not Found, Bodcaw Bank
Not Found, Traditions First Bank
Not Found, The Citizens National Bank of Meridian
Not Found, Bank of Hillsboro National Association
AMBZ, ACB Bank
Not Found, Farmers & Merchants Bank & Trust
Not Found, FIRST COMMERCIAL BANK
NBN, Northeast Bank
Not Found, Touchmark National Bank
Not Found, The Santa Anna National Bank
Not Found, Marine Bank & Trust Company
Not Found, City Bank & Trust Co.
A2R9GA.DU, Commercial Bank
Not Found, Fortifi Bank
VO4B.BE, Vantage Bank
CABB, FNB Bank
Not Found, St. Landry Bank and Trust Company
Not Found, CIBC National Trust Company
Not Found, Beauregard FSB
Not Found, Sumitomo Mitsui Trust Bank (U.S.A.) Limited
Not Found, Southern Independent Bank
Not Found, Tri-County Bank
Not Found, The First National Bank in Carlyle
Not Found, Savers Co-operative Bank
Not Found, Casey State Bank
Not Found, The First National Bank of Pandora
Not Found, Texas Gulf Bank National Association
Not Found, The Peoples Bank Biloxi Mississippi
FRCB, First IC Bank
Not Found, Commerce Bank
Not Found, Cornerstone Community Bank
Not Found, The First National Bank of Shiner
Not Found, MutualOne Bank
Not Found, Security Bank of Pulaski County
Not Found, Farmers and Merchants Bank
Not Found, First Jackson Bank Inc.
Not Found, Swedish-American State Bank
Not Found, HomeBank Texas
Not Found, The Commercial National Bank of Brady
Not Found, Bank Independent
Not Found, First Secure Bank and Trust Co.
A183FB.DU, Beal Bank
FCBC, First Community Bank
Not Found, Clare Bank National Association
Not Found, Chester National Bank
Not Found, Watertown Savings Bank
Not Found, Citizens Guaranty Bank
Not Found, First United Bank & Trust
Not Found, The State Bank of Toledo
Not Found, Bank of Vici
Not Found, OSB Community Bank
Not Found, The First National Bank of Dozier
Not Found, First State Bank of Cando
Not Found, Commercial Capital Bank
Not Found, Security Bank & Trust Company
Not Found, First Harrison Bank
Not Found, The National Bank of Andrews
BACHF, Bank of China
Not Found, The Exchange Bank
Not Found, The Harrison County Bank
A3LAYD.DU, FNBC Bank
Not Found, Stearns Bank Upsala National Association
Not Found, The First National Bank of Raymond
Not Found, Citizens Bank of Edinburg
Not Found, The First National Bank of Anderson
Not Found, Security National Bank of Omaha
A3LCU4.DU, Merit Bank
Not Found, First FSB of Mascoutah
Not Found, The Ephrata National Bank
Not Found, EAGLE.bank
Not Found, Apex Bank
Not Found, Home Federal Savings Bank
Not Found, Country Trust Bank
Not Found, Buckeye Community Bank
Not Found, Grandview Bank
Not Found, United Farmers State Bank
Not Found, First National Bank at Darlington
TRST, TrustBank
Not Found, The Millyard Bank
Not Found, Civista Bank
Not Found, Northwestern Bank
Not Found, The Upstate National Bank
Not Found, Bridge City State Bank
Not Found, Centennial Bank
Not Found, South Central Bank  Inc.
Not Found, Jersey Shore State Bank
MKIN, MNB BANK
Not Found, Millennial Bank
Not Found, New Century Bank
Not Found, Gulf Coast Business Bank
Not Found, Bay State Savings Bank
Not Found, Farmers & Traders Bank of Campton
Not Found, North Shore Bank a Co-operative Bank
Not Found, Iowa Trust & Savings Bank
Not Found, Citizens Bank of Kentucky Inc.
A182V7.BE, Dime Bank
Not Found, Kearney Trust Company
Not Found, Walden Savings Bank
Not Found, New Market Bank
Not Found, First State Bank
Not Found, Texana Bank National Association
FRCKL, First Bank
Not Found, Monroe Federal Savings and Loan Association
Not Found, The Marion National Bank
Not Found, Bank of Estes Park
Not Found, West Plains Bank
Not Found, Warsaw Federal Savings and Loan Association
Not Found, West Valley National Bank
NCB0.MU, Bank of Mead
Not Found, TD Bank USA National Association
Not Found, The Pauls Valley National Bank
Not Found, Petit Jean State Bank
Not Found, Heritage Bank & Trust
Not Found, Buckley State Bank
Not Found, Finance Factors Ltd.
Not Found, The First National Bank of Lipan
Not Found, Community Bank of Mississippi
Not Found, First American Bank
Not Found, The Freedom Bank of Virginia
Not Found, Morgan Stanley Private Bank National Association
AGRIP, GBank
Not Found, Austin Bank Texas National Association
Not Found, Marion Center Bank
A184WU.MU, Bay Bank
Not Found, The Peoples Bank Co.
Not Found, Fusion Bank
A2R7DF.HM, Stone Bank
Not Found, South Story Bank & Trust
Not Found, Western Alliance Bank
Not Found, National Bank of Commerce
Not Found, Peoples State Bank of Plainview
Not Found, Bank of the Valley
Not Found, Jackson Parish Bank
Not Found, Georgia Primary Bank
Not Found, Synchrony Bank
FCBC, First Community Bank
AMBZ, Ameris Bank
Not Found, First State Bank of Texas
Not Found, Carson Bank
Not Found, Legacy State Bank
Not Found, Union State Bank
Not Found, The Bank of Romney
Not Found, First Bank of Alabama
Not Found, The First National Bank of Dennison
Not Found, Security Federal Bank
Not Found, Aspire Bank
Not Found, The First National Bank of Le Center
Not Found, Salem Co-operative Bank
Not Found, American Bank of Baxter Springs
Not Found, The Waterford Commercial and Savings Bank
Not Found, First Exchange Bank
Not Found, Security State Bank
Not Found, Sterling State Bank
Not Found, West Union Bank
Not Found, First Community Bank of Hillsboro
Not Found, Carrollton Bank
Not Found, Central State Bank
Not Found, Lakeside Bank
Not Found, The Four County Bank
Not Found, Landmark National Bank
Not Found, Citizens State Bank of Roseau
A28R48.DU, PCB Bank
Not Found, The Peoples Bank and Trust Company of Pointe Coupee Parish Louisiana
Not Found, The Equitable Savings and Loan Company
Not Found, Susser Bank
Not Found, Partners Bank of Wisconsin
Not Found, First Security Trust and Savings Bank
Not Found, Citizens Bank & Trust Inc.
Not Found, The Old Exchange National Bank of Okawville
Not Found, Bank of Mingo
Not Found, Forbright Bank
Not Found, The Citizens-Farmers Bank of Cole Camp
Not Found, Lake Ridge Bank
Not Found, Liberty Bank
Not Found, Maquoketa State Bank
Not Found, STAR Financial Bank
Not Found, Citizens Savings Bank
Not Found, Berkshire Bank
Not Found, Bank of Eastern Oregon
Not Found, Security First Bank
Not Found, The First National Bank of Dighton
Not Found, The First National Bank of Quitaque
Not Found, Alerus Financial National Association
Not Found, Elkton Bank & Trust Company
Not Found, The First National Bank of Waynesboro
Not Found, The Jefferson Bank
Not Found, First Federal Savings and Loan Association of Central Illinois S.B.
UNBK, United National Bank
Not Found, Greater Community Bank
Not Found, Washington State Bank
Not Found, First Keystone Community Bank
Not Found, Brantley Bank and Trust Company
Not Found, Peoples Bank of Deer Lodge
Not Found, Carver State Bank
Not Found, Byline Bank
Not Found, The Bank of Old Monroe
Not Found, Union Bank and Trust Company
Not Found, The Jacksboro National Bank
Not Found, Union State Bank
Not Found, American Bank & Trust Company Inc.
Not Found, The Bank of LaFayette Georgia
Not Found, Farmers & Merchants Bank & Trust
Not Found, Citizens Federal Savings and Loan Association
Not Found, Banterra Bank
Not Found, Commercial State Bank of Wagner
A254RY.BE, RNB STATE BANK
Not Found, Vantage Bank Texas
Not Found, Community First Banking Company
MCBS, Metro Bank
Not Found, Nelsonville Home and Savings
Not Found, Citizens State Bank Norwood Young America
Not Found, The State Bank
Not Found, Premier Bank Minnesota
Not Found, Elderton State Bank
Not Found, The Bank of Vernon
Not Found, Peapack-Gladstone Bank
Not Found, Winnsboro State Bank & Trust Company
Not Found, Century Next Bank
Not Found, Generations Commercial Bank
Not Found, The Bank of Tioga
Not Found, Sunrise Banks National Association
Not Found, Buckeye State Bank
Not Found, The Bank of the West
Not Found, Citizens Community Bank
Not Found, Titan Bank N.A.
Not Found, WaterStone Bank SSB
Not Found, Bank of Idaho
Not Found, Union Bank & Trust Company
Not Found, Community Valley Bank
Not Found, PeopleFirst Bank
Not Found, Premier Bank
Not Found, First State Bank
Not Found, South Lafourche Bank & Trust Company
Not Found, Bank of Cadiz and Trust Company
Not Found, Busey Bank
Not Found, Magyar Bank
Not Found, Hometown Community Bank
Not Found, Guadalupe Bank
Not Found, Veritex Community Bank
Not Found, Plaquemine Bank & Trust Company
Not Found, The First National Bank of Sycamore
FMBL, Farmers Bank
Not Found, Security Federal Savings Bank
Not Found, 1st United Bank
RBCPF, Royal Bank
Not Found, Siouxland Bank
FMBL, Farmers & Merchants Bank
Not Found, Red River State Bank
Not Found, Solutions Bank
Not Found, TC FEDERAL BANK
Not Found, The First National Bank of River Falls
Not Found, Providence Bank & Trust
Not Found, BankCherokee
Not Found, First State Bank of Purdy
A3KP8Y.MU, Bank of Hindman
Not Found, First Liberty Bank
Not Found, Bank of Bluffs
Not Found, The Savings Bank
Not Found, United Minnesota Bank
Not Found, Farmers State Bank of Underwood
WOBK, Woodsboro Bank
Not Found, One Bank of Tennessee
Not Found, Woodforest National Bank
Not Found, Builtwell Bank
Not Found, Grant County State Bank
PBNK, Pinnacle Bank
Not Found, First Foundation Bank
Not Found, Midwest Independent BankersBank
A3LJNY.MU, Capra Bank
Not Found, Home Bank and Trust Company
Not Found, Security State Bank
Not Found, CNB St Louis Bank
Not Found, First Savings and Loan Association
Not Found, Audubon State Bank
YEB6.MU, FWBank
BIGB, ONB Bank
A2R8HA.MU, Bank Forward
A2GSP5.DU, Select Bank
Not Found, Farmers and Merchants Bank
Not Found, Walpole Co-operative Bank
Not Found, Rushford State Bank (Incorporated)
Not Found, Community First Bank
Not Found, Smackover State Bank
MBWM, Mercantile Bank
Not Found, Comerica Bank
Not Found, The First National Bank of Proctor
Not Found, Woodlands Bank
Not Found, Ulster Savings Bank
Not Found, Montecito Bank & Trust
Not Found, Home State Bank National Association
Not Found, BNY Mellon Trust of Delaware
Not Found, Fortress Bank
Not Found, The Farmers State Bank of Turton
Not Found, Security National Bank
Not Found, First Federal Savings Bank of Angola
SSBI, Summit Bank
Not Found, Applied Bank
Not Found, Waycross Bank & Trust
Not Found, Security Federal Savings Bank of McMinnville
A3KWEK.BE, Lead Bank
Not Found, Texas Bank
Not Found, Citizens National Bank N.A.
Not Found, State Bank of Herscher
Not Found, Skowhegan Savings Bank
Not Found, Wells Fargo Bank National Association
Not Found, SouthStar Bank S.S.B.
Not Found, Columbia Savings and Loan Association
Not Found, NATIONAL COOPERATIVE BANK N.A.
Not Found, The Bank of Orrick
Not Found, Whitaker Bank
Not Found, Alden State Bank
Not Found, Oakworth Capital Bank
Not Found, Bank of 1889
Not Found, Iroquois Federal Savings and Loan Association
Not Found, The First National Bank of Okawville
Not Found, Massena Savings and Loan
Not Found, Machias Savings Bank
Not Found, Nebraska State Bank
Not Found, Integrity Bank for Business
Not Found, The Commercial Bank
A3K9KF.MU, Rio Bank
Not Found, Security State Bank of Aitkin
Not Found, Provident Savings Bank F.S.B.
Not Found, The National Capital Bank of Washington
Not Found, The Liberty National Bank in Paris
Not Found, The City National Bank of Taylor
Not Found, Fredonia Valley Bank
Not Found, Coastal Community Bank
Not Found, Logan County Bank
Not Found, Generations Bank
Not Found, The Farmers State Bank of Blue Mound
Not Found, American Bank and Trust Company National Association
Not Found, RG Bank A Savings and Loan Association
Not Found, First National Bank of Pasco
XS1722558258.AS, MA Bank
Not Found, Community Savings Bank
Not Found, The First National Bank in Creston
Not Found, First Port City Bank
Not Found, The First National Bank and Trust Co. Chickasha Oklahoma
Not Found, Farmers Bank of Northern Missouri
Not Found, Lake-Osceola State Bank
Not Found, Popular Bank
Not Found, The Commercial Bank of Grayson
Not Found, The State Exchange Bank
Not Found, The Farmers & Merchants Bank
Not Found, TD Bank National Association
Not Found, Central Bank and Trust
Not Found, Broadway National Bank
Not Found, The Citizens State Bank of Cheney Kansas
Not Found, River Valley Community Bank
Not Found, Lafayette State Bank
Not Found, The Farmers State Bank
Not Found, The Farmers State Bank of Aliceville Kansas
Not Found, The First National Bank of Hebbronville
Not Found, McClave State Bank
Not Found, Bank of Kilmichael
Not Found, First National Bank of Brookfield
Not Found, First Bank of Pike
Not Found, First National Bank in Ord
Not Found, Texas State Bank
Not Found, Wake Forest Federal Savings and Loan Association
Not Found, Community Bank National Association
Not Found, Iroquois Farmers State Bank
Not Found, Texas National Bank of Jacksonville
Not Found, American Community Bank of Indiana
Not Found, Johnson State Bank
Not Found, Planters First Bank
Not Found, First National Bank of Eastern Arkansas
Not Found, First State Bank of St. Peter
Not Found, The Bank of Protection
Not Found, The First National Bank of Middle Tennessee
Not Found, State Bank of Texas
Not Found, The Apple Creek Banking Company
BMBN, Benchmark Bank
Not Found, GNBank National Association
Not Found, Rhinebeck Bank
Not Found, Pinnacle Bank - Wyoming
Not Found, Elk State Bank
Not Found, Currency Bank
Not Found, ConnectOne Bank
Not Found, Bank of Delight
Not Found, City Bank & Trust Co.
Not Found, The Citizens State Bank
Not Found, Sidney State Bank
Not Found, The Cowboy Bank of Texas
Not Found, Quontic Bank
Not Found, The First National Bank of Sterling City
Not Found, Basile State Bank
Not Found, The Bank of New Glarus
Not Found, Northwest Bank of Rockford
Not Found, JPMorgan Chase Bank National Association
Not Found, State Bank of Cochran
Not Found, Bank of Millbrook
Not Found, New Valley Bank & Trust
Not Found, The Security State Bank
Not Found, First Community Bank of Moultrie County
Not Found, Wellington State Bank
Not Found, Greenville Savings Bank
Not Found, Farmers-Merchants Bank & Trust Company
Not Found, First Federal Bank
Not Found, Raymond Federal Bank
A3LAYD.DU, Fannin Bank
Not Found, Farmers Savings Bank
Not Found, Millennium Bank
Not Found, Sterling Bank and Trust FSB
Not Found, Lamar Bank and Trust Company
Not Found, Longview Bank and Trust
FBAK, First National Bank
Not Found, Security State Bank of Marine
Not Found, Liberty Bank
Not Found, Passumpsic Savings Bank
Not Found, Neighborhood National Bank
Not Found, Crown Bank
Not Found, The First National Bank and Trust Company of Broken Arrow
Not Found, Bank of Charles Town
Not Found, Community State Bank
Not Found, City National Bank
Not Found, Colorado Federal Savings Bank
Not Found, First State Bank and Trust Company Inc.
Not Found, The First National Bank of Allendale
Not Found, Security First National Bank of Hugo
Not Found, United State Bank
Not Found, Northeast Georgia Bank
A19CY5.BE, Bank of Wiggins
Not Found, Wyoming Community Bank
Not Found, The Havana National Bank
Not Found, Sterling Bank
Not Found, The Haverford Trust Company
D7KB.MU, Grand Bank
Not Found, Bank of Monticello
A2R2NY.DU, State Bank
Not Found, Edison National Bank
Not Found, The First State Bank of Rosemount
FRCLL, First Bank
Not Found, Burke & Herbert Bank & Trust Company
Not Found, Marquette Savings Bank
Not Found, Jonesburg State Bank
Not Found, BCBank Inc.
Not Found, Bank of Grandin
Not Found, Edmonton State Bank
Not Found, The City National Bank of Metropolis
Not Found, Horatio State Bank
Not Found, The Community Bank
Not Found, La Salle State Bank
Not Found, First Northern Bank and Trust Company
Not Found, Prime Alliance Bank
Not Found, Woodlands National Bank
A287SB.MU, Coulee Bank
Not Found, Trustar Bank
Not Found, RiverHills Bank
Not Found, Prospect Bank
Not Found, Commercial Trust Company of Fayette
Not Found, BMO Harris Central National Association
BHY124.BE, Evermore Bank
Not Found, Bank Of Clarke
Not Found, Rushville State Bank
Not Found, Farmers State Bank of Hoffman
FSDK, First Citizens Bank
Not Found, Fowler State Bank
Not Found, Signature Bank National Association
Not Found, First Bank Upper Michigan
Not Found, The Lytle State Bank of Lytle Texas
Not Found, Bank of Wrightsville
Not Found, Poppy Bank
Not Found, Dedicated Community Bank
Not Found, Pilot Grove Savings Bank
Not Found, First Federal Savings and Loan Association of Greensburg
Not Found, Oak Valley Community Bank
Not Found, Sandy Spring Bank
FD12.L, Centera Bank
Not Found, Frontier Bank
Not Found, Mid-Missouri Bank
Not Found, Earlham Savings Bank
Not Found, Riverside Bank of Dublin
Not Found, Farmers-Merchants Bank of Illinois
Not Found, Winter Hill Bank FSB
Not Found, Peoples Community Bank
Not Found, Wells Fargo Bank South Central National Association
Not Found, Beardstown Savings s.b.
Not Found, The Delaware National Bank of Delhi
Not Found, The Putnam County National Bank of Carmel
Not Found, Guaranty Bank & Trust Company of Delhi Louisiana
Not Found, Bank of Monticello
Not Found, Genoa Community Bank
Not Found, The Farmers State Bank of Brush
Not Found, First Internet Bank of Indiana
Not Found, Merchants and Planters Bank
Not Found, First Eagle  Bank
Not Found, Essex Savings Bank
Not Found, The Dime Bank
Not Found, Washington Trust Bank
FMBL, F & C Bank
BANKBEES.NS, Pointbank
Not Found, Grant County Bank
Not Found, Bank of Milton
Not Found, Sunmark Community Bank
Not Found, Kingston National Bank
Not Found, Cumberland Security Bank Inc.
Not Found, Talbot State Bank
FBAK, First National Bank
Not Found, Prime Meridian Bank
Not Found, Huntingdon Valley Bank
Not Found, ESSA Bank & Trust
RCBC, River City Bank
Not Found, Carroll County Trust Company of Carrollton Missouri
Not Found, First United Bank
Not Found, Clinton Savings Bank
Not Found, Clinton Bank
Not Found, First Pacific Bank
Not Found, John Deere Financial f.s.b.
Not Found, First State Bank
Not Found, Citizens Federal Savings and Loan Association
Not Found, Legacy Bank
Not Found, Flanagan State Bank
Not Found, Farmers & Merchants Bank of Hutsonville
Not Found, The Citizens Bank
MAYBANKC1B.KL, CIBM Bank
Not Found, Washita State Bank
Not Found, Citizens Bank of Ada
Not Found, The Citizens State Bank of Ouray
Not Found, Belmont Savings Bank SSB
Not Found, The State National Bank of Groom
Not Found, Traditions Bank
FRCB, Republic Bank
Not Found, Great Plains Bank
TYCB, AVB Bank
Not Found, Hinsdale Bank & Trust Company National Association
Not Found, Androscoggin Savings Bank
Not Found, Bluff View Bank
Not Found, The Farmers Bank and Savings Company
Not Found, FirstBank Southwest
Not Found, Security Trust & Savings Bank
Not Found, SouthState Bank National Association
Not Found, The Farmers State Bank of Westmoreland
Not Found, Stearns Bank Holdingford National Association
Not Found, Dysart State Bank
Not Found, MRV Banks
Not Found, Alliant Bank
Not Found, Flora Bank & Trust
Not Found, Citizens Bank and Trust Company of Ardmore
Not Found, Community State Bank
Not Found, Breda Savings Bank
Not Found, The First National Bank of Izard County
Not Found, Ultima Bank Minnesota
Not Found, East Cambridge Savings Bank
COLB, Omb Bank
Not Found, The First National Bank at Paris
Not Found, The Haviland State Bank
Not Found, Citizens Bank & Trust Co.
BHB, Arbor Bank
Not Found, Woodsfield Savings Bank
A3KXJB.HA, Bank Star
Not Found, First Texas National Bank
Not Found, First Federal Savings Bank
Not Found, Farmers & Merchants Bank of Colby
Not Found, Pine River State Bank
Not Found, PremierBank
NWB17K.DU, Northwest Bank
Not Found, Waumandee State Bank
Not Found, Community 1st Bank Las Vegas
Not Found, Century Savings and Loan Association
Not Found, First State Bank
BRBS, Blue Ridge Bank
FBAK, First National Bank
532134.BO, Bank of Baroda
Not Found, Bank Hapoalim B.M.
Not Found, Metropolitan Bank and Trust Company
Not Found, Monterey County Bank
Not Found, First Farmers Bank & Trust Co.
Not Found, Dean Co-operative Bank
Not Found, Butte State Bank
Not Found, Central Valley Community Bank
Not Found, MidAmerica National Bank
Not Found, Citizens Bank & Trust Company
Not Found, The Farmers Savings Bank
Not Found, Farmers Bank & Trust
Not Found, Clear Fork Bank National Association
Not Found, Easthampton Savings Bank
Not Found, Chelsea Groton Bank
Not Found, First State Bank
Not Found, Franklin Bank & Trust Company
Not Found, William Penn Bank
SYBJF, Security Bank
Not Found, THE HOME LOAN SAVINGS BANK
Not Found, Home National Bank
Not Found, South Georgia Bank
Not Found, Grand River Bank
Not Found, State Bank of Bottineau
Not Found, The Home Savings and Loan Company of Kenton Ohio DBA HSLC
Not Found, First Naturalstate Bank
Not Found, The First National Bank of Ava
Not Found, Minnwest Bank
Not Found, Connect Bank
Not Found, Belmont Bank & Trust Company
Not Found, Farmers & Merchants Bank of Craig County
Not Found, Capitol National Bank
Not Found, Bank of South Texas
Not Found, Woori America Bank
Not Found, Somerville Bank
Not Found, Pillar Bank
FMBL, F & M Bank
FSDK, Citizens Bank
Not Found, Community Bank of Missouri
SCZC, Santa Cruz County Bank
Not Found, First Iowa State Bank
Not Found, Southwest Capital Bank
Not Found, United Bankers' Bank
Not Found, Clarkson Bank
Not Found, Federation Bank
Not Found, The Peoples Savings and Loan Company
Not Found, Farmers State Bank
Not Found, Rockhold Bank
Not Found, The Fisher National Bank
NWB18M.MU, Northwest Bank
Not Found, Salisbury Bank and Trust Company
Not Found, 1st State Bank
Not Found, Southern Hills Community Bank
CABB, California Business Bank
Not Found, German American Bank
Not Found, Ledyard National Bank
Not Found, THE SEILING STATE BANK
2836A.TW, Bank of Hope
Not Found, Welcome State Bank
511473.BO, NBKC Bank
Not Found, 1st Advantage Bank
Not Found, Rocky Mountain Bank
CBWBF, Western Bank
Not Found, Midland Federal Savings and Loan Association
Not Found, National Bank of St. Anne
AMBZ, ANB Bank
Not Found, Liberty Bank Inc.
Not Found, Reliance Savings Bank
Not Found, Freedom Bank Inc.
Not Found, Cattle Bank and Trust
Not Found, The Farmers and Merchants National Bank of Nashville
Not Found, Thomaston Savings Bank
Not Found, Nebraska State Bank
Not Found, First Bank & Trust Company
Not Found, Southern Bank and Trust Company
Not Found, Bank of Halls
Not Found, American Bank National Association
Not Found, Axiom Bank National Association
Not Found, Eastern International Bank
Not Found, Community National Bank & Trust
Not Found, State Bank of Eagle Butte
Not Found, First Commercial Bank (USA)
Not Found, Heritage Bank of Commerce
Not Found, The First National Bank of Ely
Not Found, Embassy Bank for the Lehigh Valley
Not Found, Community Savings
Not Found, The Greenwood's State Bank
Not Found, State Bank of Southwest Missouri
Not Found, The First National Bank of Hooker
CBU, Community Bank
Not Found, Middletown Valley Bank
Not Found, First National Bank in Philip
Not Found, Geddes Federal Savings and Loan Association
Not Found, Clackamas County Bank
Not Found, The National Bank of Middlebury
Not Found, U. S. Century Bank
Not Found, Community State Bank
Not Found, United Savings Bank
Not Found, Mayville State Bank
Not Found, The Bank of Kaukauna
Not Found, Kendall Bank
1150.SR, Alma Bank
Not Found, Riverview Bank
Not Found, United Southern Bank
Not Found, Farmers National Bank of Griggsville
Not Found, Great Southern Bank
Not Found, Connection Bank
Not Found, The American National Bank of Texas
Not Found, Commercial Bank & Trust Company
Not Found, Five Points Bank
Not Found, Bank of Guam
CBAN, Colony Bank
Not Found, Merchants Bank of Indiana
Not Found, Old Mission Bank
EW.PM, East West Bank
Not Found, United Texas Bank
Not Found, Richland County Bank
FCBC, First Community Bank
Not Found, First National Bank of Kansas
Not Found, First State Bank & Trust
A28ST3.BE, Bank of Commerce
Not Found, AMG National Trust Bank
Not Found, Marseilles Bank
Not Found, Kaw Valley State Bank and Trust Company
Not Found, First Peoples Bank of Tennessee
Not Found, HomeTrust Bank
195236.BE, Central Bank
Not Found, WestStar Bank
Not Found, West Texas State Bank
Not Found, Timberland Bank
Not Found, The State Bank of Geneva
Not Found, Thrivent Trust Company
Not Found, First Federal Savings and Loan Bank
Not Found, Elberton Federal Savings and Loan Association
VBFC, Village Bank
Not Found, Golden State Bank
Not Found, City National Bank
FSDK, Citizens Bank
Not Found, Neighborhood National Bank
FMBL, MCS Bank
Not Found, Mascoma Bank
Not Found, First National Bank Northwest Florida
Not Found, Pacific Coast Bankers' Bank
Not Found, The Napoleon State Bank
Not Found, Kinmundy Bank
Not Found, Jonesboro State Bank
Not Found, Bank of Greeleyville
Not Found, The Cecilian Bank
Not Found, Gate City Bank
Not Found, Commercial National Bank of Texarkana
195236.BE, Central Bank
Not Found, Methuen Co-operative Bank
Not Found, Emigrant Mercantile Bank
Not Found, Americana Community Bank
A1GZSK.MU, SSB Bank
Not Found, Presidential Bank FSB
Not Found, Bank of DeSoto National Association
Not Found, Regional Missouri Bank
Not Found, Integrity Bank & Trust
Not Found, U.S. Bank National Association
Not Found, River Falls State Bank
Not Found, CIBC Bank USA
Not Found, Northeast Security Bank
Not Found, Goppert Financial Bank
Not Found, Riverwind Bank
Not Found, Farmers Trust & Savings Bank
Not Found, Citizens State Bank
A351R8.HM, SmartBank
Not Found, Bedford Federal Savings Bank
Not Found, The Neffs National Bank
Not Found, Jackson County Bank
Not Found, Bank of Hazlehurst
Not Found, Empire State Bank
EBC, Eastern Bank
Not Found, Northwestern Bank National Association
Not Found, Farm Bureau Bank FSB
Not Found, First Bank Chicago
KBWB, NSB Bank
Not Found, Shelby County State Bank
Not Found, Home Savings Bank FSB
Not Found, Oregon Coast Bank
A3K8VT.BE, Devon Bank
Not Found, Milford Building and Loan Association
Not Found, CBI Bank & Trust
Not Found, Horizon Bank SSB
A3LCXW.MU, Concorde Bank
Not Found, Reading Co-operative Bank
Not Found, Ridgewood Savings Bank
Not Found, The Commercial Bank
Not Found, Citizens State Bank
Not Found, The Mt. Victory State Bank
Not Found, The Sherwood State Bank
Not Found, American Bank National Association
Not Found, First State Bank Minnesota
Not Found, Pacific Valley Bank
Not Found, Bank of Franklin County
Not Found, Frontier Bank
Not Found, Merchants and Farmers Bank
Not Found, First National Bank in Taylorville
Not Found, 1st Bank in Hominy
Not Found, Citizens Bank and Trust Company of Grainger County
Not Found, Palmetto State Bank
